{"cameraMode":{"drawMode":0,"name":"Shaded","section":"Shading Mode"},"sceneLighting":false,"audioPlay":false,"sceneViewState":{"m_AlwaysRefresh":false,"showFog":true,"showSkybox":false,"showFlares":true,"showImageEffects":true,"showParticleSystems":true,"showVisualEffectGraphs":true,"m_FxEnabled":true},"in2DMode":false,"pivot":{"x":0.002839207649230957,"y":0.6952334046363831,"z":0.15162310004234315},"rotation":{"x":-0.3506337106227875,"y":-0.6037603616714478,"z":0.33440276980400088,"w":-0.6330535411834717},"size":1.3953111171722413,"orthographic":false}