{"cameraMode":{"drawMode":0,"name":"Shaded","section":"Shading Mode"},"sceneLighting":false,"audioPlay":false,"sceneViewState":{"m_AlwaysRefresh":false,"showFog":true,"showSkybox":false,"showFlares":true,"showImageEffects":true,"showParticleSystems":true,"showVisualEffectGraphs":true,"m_FxEnabled":true},"in2DMode":false,"pivot":{"x":72.46851348876953,"y":4.742641448974609,"z":94.06271362304688},"rotation":{"x":-0.48840007185935976,"y":0.012302891351282597,"z":-0.0068842507898807529,"w":-0.8725069165229797},"size":3.2876687049865724,"orthographic":false}