{"cameraMode":{"drawMode":0,"name":"Shaded","section":"Shading Mode"},"sceneLighting":false,"audioPlay":false,"sceneViewState":{"m_AlwaysRefresh":false,"showFog":false,"showSkybox":false,"showFlares":false,"showImageEffects":false,"showParticleSystems":false,"showVisualEffectGraphs":true,"m_FxEnabled":true},"in2DMode":false,"pivot":{"x":0.0047054290771484379,"y":0.5697832107543945,"z":0.3021146357059479},"rotation":{"x":-0.49107667803764346,"y":0.0002460150863043964,"z":-0.00014179147547110915,"w":-0.8711444735527039},"size":1.1268244981765748,"orthographic":false}