{"cameraMode":{"drawMode":0,"name":"Shaded","section":"Shading Mode"},"sceneLighting":false,"audioPlay":false,"sceneViewState":{"m_AlwaysRefresh":false,"showFog":false,"showSkybox":false,"showFlares":false,"showImageEffects":false,"showParticleSystems":false,"showVisualEffectGraphs":true,"m_FxEnabled":true},"in2DMode":false,"pivot":{"x":-0.06308755278587342,"y":1.2280871868133546,"z":-0.13002920150756837},"rotation":{"x":0.23122015595436097,"y":-0.05338313430547714,"z":-0.012704579159617424,"w":-0.9713554382324219},"size":0.6296170949935913,"orthographic":false}