{"cameraMode":{"drawMode":0,"name":"Shaded","section":"Shading Mode"},"sceneLighting":false,"audioPlay":false,"sceneViewState":{"m_AlwaysRefresh":false,"showFog":true,"showSkybox":false,"showFlares":true,"showImageEffects":true,"showParticleSystems":true,"showVisualEffectGraphs":true,"m_FxEnabled":true},"in2DMode":false,"pivot":{"x":-1.5700039863586426,"y":0.6755262613296509,"z":0.5259905457496643},"rotation":{"x":0.26451265811920168,"y":-0.6215317249298096,"z":0.23523004353046418,"w":0.6988917589187622},"size":3.441856861114502,"orthographic":false}