{"cameraMode":{"drawMode":0,"name":"Shaded","section":"Shading Mode"},"sceneLighting":false,"audioPlay":false,"sceneViewState":{"m_AlwaysRefresh":false,"showFog":false,"showSkybox":false,"showFlares":false,"showImageEffects":false,"showParticleSystems":false,"showVisualEffectGraphs":true,"m_FxEnabled":true},"in2DMode":false,"pivot":{"x":-8.940696716308594e-7,"y":0.8982973098754883,"z":-0.020408518612384797},"rotation":{"x":-0.04089168459177017,"y":0.25549715757369997,"z":-0.010814358480274678,"w":-0.9658840894699097},"size":0.6441524624824524,"orthographic":false}